Role,Category,Subcategory,Product/Skill,Short Description,Long Description,Core,Docs Link
Apps & AI,Agentic AI,Development Tools,Claude Code,AI-powered terminal coding assistant,"Claude Code is Anthropic's agentic coding tool that operates directly from the terminal. It can explore codebases, plan and execute multi-step tasks, make edits, run commands, and integrate with git workflows. Built on Claude models with extended context windows for deep reasoning on complex projects.",No,https://docs.anthropic.com/en/docs/agents-and-tools/claude-code/overview
Apps & AI,Agentic AI,Development Tools,Codex,Code generation and understanding,"Codex models are specialized for understanding and generating programming code across multiple languages. They power code completion, explanation, refactoring, and natural language to code translation, enabling developers to write code faster and understand unfamiliar codebases through AI assistance.",No,https://en.wikipedia.org/wiki/OpenAI_Codex
Apps & AI,Agentic AI,Development Tools,GitHub Copilot,AI-powered code completion and chat,"GitHub Copilot is an AI-powered coding assistant that provides real-time code suggestions, completions, and explanations directly in your IDE. It supports multiple programming languages, understands context from your codebase, can generate entire functions from natural language descriptions, and includes chat capabilities for explaining code and debugging.",Yes,https://docs.github.com/en/copilot
Apps & AI,Agentic AI,Development Tools,GitHub Copilot CLI,AI-powered terminal assistant,"GitHub Copilot CLI brings AI assistance to the command line, enabling developers to get help with shell commands, explain complex commands, and automate terminal workflows. It understands natural language queries, suggests appropriate commands for various shells and tools, and can execute multi-step tasks with full access to your development environment.",Yes,https://docs.github.com/en/copilot/how-tos/use-copilot-for-common-tasks/use-copilot-in-the-cli
Apps & AI,Agentic AI,Framework,AutoGen,Multi-agent orchestration framework from Microsoft Research,"AutoGen is an open-source Python framework from Microsoft Research designed for building multi-agent conversational systems. It enables the creation of autonomous agents that can collaborate, execute code, and interact with humans in the loop, supporting complex workflows through group chat orchestration and nested conversation patterns.",No,https://microsoft.github.io/autogen/
Apps & AI,Agentic AI,Framework,LangChain,Popular open-source LLM orchestration framework,"LangChain is a widely-adopted open-source framework for building applications powered by large language models. It provides abstractions for chains, agents, memory, and retrieval, supports multiple LLM providers, and offers extensive integrations with vector databases, document loaders, and external tools for building sophisticated AI applications.",No,https://python.langchain.com/docs/introduction/
Apps & AI,Agentic AI,Framework,Microsoft Agent Framework,Unified open-source SDK combining Semantic Kernel and AutoGen,"The Microsoft Agent Framework is a production-ready, open-source development kit that unifies Semantic Kernel and AutoGen into a single platform for building agentic AI applications. It supports multi-agent orchestration patterns including sequential, concurrent, group chat, and handoff scenarios, with built-in observability via OpenTelemetry, Microsoft Entra security integration, and responsible AI features.",Yes,https://learn.microsoft.com/en-us/agent-framework/
Apps & AI,Agentic AI,Framework,Model Context Protocol (MCP),Open standard for agent-tool interactions,"Model Context Protocol (MCP) is an open standard that defines how AI agents discover and interact with external tools and data sources. It provides a standardized way for agents to access APIs, databases, and services, enabling interoperability between different agent frameworks and simplifying the integration of enterprise systems into agentic workflows.",Yes,https://modelcontextprotocol.io/introduction
Apps & AI,Agentic AI,Framework,n8n,Visual workflow automation platform,"n8n is an open-source workflow automation platform that enables connecting APIs and services through a visual node-based interface. It supports custom code nodes, self-hosting options, and integration with hundreds of services, making it popular for building automated workflows and integrating AI capabilities into business processes.",No,https://docs.n8n.io/
Apps & AI,Agentic AI,Framework,Prompty,Microsoft prompt templating format,"Prompty is a Microsoft-developed asset class and format for LLM prompts that enables version control, sharing, and standardization of prompt engineering. It supports parameterized templates, model configuration, and integration with development tools, making it easier to manage prompts across development teams and deployment environments.",No,https://prompty.ai/
Apps & AI,Agentic AI,Framework,Semantic Kernel,"LLM orchestration SDK for .NET, Python, Java","Semantic Kernel is an open-source SDK that enables developers to integrate large language models into applications using .NET, Python, or Java. It provides a modular architecture with plugins, planners, memory management, and connectors to various AI services, making it ideal for building enterprise-grade AI solutions with function calling and prompt templating capabilities.",No,https://learn.microsoft.com/en-us/semantic-kernel/
Apps & AI,Agentic AI,Solution,Azure Copilot,AI assistant in Azure Portal,"Azure Copilot is an AI assistant integrated into the Azure Portal that helps users manage cloud resources, troubleshoot issues, and optimize deployments. It understands Azure services and can provide guidance on best practices, generate ARM/Bicep templates, explain resource configurations, and assist with cost optimization and security recommendations.",No,https://learn.microsoft.com/en-us/azure/copilot/
Apps & AI,Agentic AI,Solution,Azure SRE Agent,AI agent for site reliability engineering tasks,"Azure SRE Agent is an AI-powered site reliability engineering assistant that helps automate operational tasks across Azure infrastructure. It combines fine-tuned Azure expertise with customizable runbooks, integrates with monitoring platforms like Azure Monitor and Grafana, and supports incident management through PagerDuty and ServiceNow connections.",Yes,https://learn.microsoft.com/en-us/azure/sre-agent/
Apps & AI,Agentic AI,Solution,Microsoft 365 Copilot,AI assistant across Microsoft 365 apps,"Microsoft 365 Copilot is an AI assistant embedded across Microsoft 365 applications including Word, Excel, PowerPoint, Outlook, and Teams. It leverages organizational data through Microsoft Graph to help users draft documents, analyze data, create presentations, summarize emails, and automate routine tasks while maintaining enterprise security and compliance.",Yes,https://learn.microsoft.com/en-us/microsoft-365-copilot/
Apps & AI,Agentic AI,Solution,Microsoft Copilot Studio,Low-code platform for building copilots and agents,"Microsoft Copilot Studio is a low-code/no-code platform for creating conversational AI agents and copilots. It provides a visual designer for building dialog flows, integrates with Power Automate for workflow automation, supports knowledge retrieval from enterprise data sources, and enables deployment across Microsoft 365, Teams, and custom websites.",Yes,https://learn.microsoft.com/en-us/microsoft-copilot-studio/
Apps & AI,Agentic AI,Solution,Microsoft Foundry Agent Service,Managed service for building and hosting AI agents,"Azure AI Foundry Agent Service (formerly Azure AI Agent Service) is a fully managed Azure service for building, deploying, and scaling AI agents with enterprise-grade security and compliance. It provides built-in credential management, persistent conversation threads, tool orchestration, content moderation, and native integrations with Azure Functions, Bing, Microsoft Fabric, SharePoint, and Azure AI Search.",Yes,https://learn.microsoft.com/en-us/azure/ai-foundry/agents/overview
Apps & AI,Agentic AI,Solution,Microsoft Security Copilot,AI assistant for security operations,"Microsoft Security Copilot is an AI-powered security assistant that helps security teams investigate threats, analyze incidents, and respond to attacks at machine speed. It integrates with Microsoft Defender, Sentinel, and Intune to provide contextual threat intelligence, automate routine security tasks, and generate incident reports and remediation guidance.",No,https://learn.microsoft.com/en-us/security-copilot/
Apps & AI,AI & Machine Learning,Framework,NVIDIA TensorRT,High-performance inference optimizer,"NVIDIA TensorRT is a deep learning inference optimizer and runtime that delivers low latency and high throughput for production deployments. It optimizes trained models through layer fusion, precision calibration, and kernel auto-tuning for NVIDIA GPUs.",No,https://developer.nvidia.com/tensorrt
Apps & AI,AI & Machine Learning,Framework,NVIDIA Triton Inference Server,Scalable model serving platform,"NVIDIA Triton Inference Server is an open-source inference serving platform that simplifies deploying AI models at scale. It supports multiple frameworks (TensorFlow, PyTorch, ONNX), dynamic batching, model ensembles, and concurrent model execution across GPUs.",No,https://developer.nvidia.com/triton-inference-server
Apps & AI,AI & Machine Learning,Framework,PyTorch,Deep learning research framework,"PyTorch is an open-source deep learning framework known for its dynamic computation graphs and Pythonic design. It provides tensor computation with GPU acceleration, automatic differentiation, and extensive libraries for computer vision, NLP, and reinforcement learning, making it popular for research and production.",No,https://pytorch.org/docs/
Apps & AI,AI & Machine Learning,Framework,TensorFlow,End-to-end ML platform,"TensorFlow is Google's open-source machine learning platform for building and deploying ML models at scale. It offers flexible tools for research and production, including Keras for high-level APIs, TensorFlow Lite for mobile, and TensorFlow Serving for deployment.",No,https://www.tensorflow.org/learn
Apps & AI,AI & Machine Learning,Fundamentals,CNN,Convolutional neural networks for vision,"Convolutional Neural Networks are deep learning models designed for processing grid-like data such as images. Using convolutional layers with learnable filters, pooling for spatial reduction, and fully connected layers for classification, CNNs automatically learn hierarchical visual features for image recognition and computer vision tasks.",No,https://en.wikipedia.org/wiki/Convolutional_neural_network
Apps & AI,AI & Machine Learning,Fundamentals,Gradient Boosting,Ensemble learning for predictions,Gradient Boosting is an ensemble machine learning technique that builds strong predictive models by sequentially combining weak learners (typically decision trees). Each tree corrects errors from previous ones using gradient descent optimization. XGBoost and LightGBM are popular implementations known for high accuracy on structured data.,No,https://en.wikipedia.org/wiki/Gradient_boosting
Apps & AI,AI & Machine Learning,Fundamentals,ONNX,Open model interchange format,"ONNX (Open Neural Network Exchange) is an open-source format for representing machine learning models, enabling interoperability across frameworks like PyTorch, TensorFlow, and scikit-learn. ONNX Runtime provides high-performance inference across platforms and hardware accelerators for production deployments.",No,https://onnx.ai/
Apps & AI,AI & Machine Learning,Fundamentals,R-CNN,Region-based object detection,"R-CNN (Region-based Convolutional Neural Network) is an object detection framework that combines selective region proposals with CNN feature extraction. It generates candidate bounding boxes, extracts features using a CNN, then classifies objects and refines locations, forming the foundation for modern detection models like Faster R-CNN.",No,https://en.wikipedia.org/wiki/Region_Based_Convolutional_Neural_Networks
Apps & AI,AI & Machine Learning,Fundamentals,Transformers,Attention-based neural architecture,"Transformers are a neural network architecture using self-attention mechanisms to process sequential data in parallel. Introduced in 'Attention Is All You Need' (2017), they power modern LLMs like GPT and BERT, enabling models to capture long-range dependencies and achieve state-of-the-art results in NLP and beyond.",No,https://en.wikipedia.org/wiki/Transformer_(deep_learning)
Apps & AI,AI & Machine Learning,Fundamentals: Computer Vision,Image Classification,Categorizing images into predefined classes,"Image classification is the task of assigning predefined labels or categories to images based on their visual content. It involves training models to recognize patterns, objects, or scenes, and is foundational to applications like photo organization, content moderation, medical imaging diagnosis, and quality control in manufacturing.",Yes,https://en.wikipedia.org/wiki/Computer_vision#Recognition
Apps & AI,AI & Machine Learning,Fundamentals: Computer Vision,Image Segmentation,Pixel-level image partitioning,"Image segmentation divides an image into meaningful regions at the pixel level, identifying exact boundaries of objects rather than bounding boxes. Techniques include semantic segmentation (labeling each pixel by class) and instance segmentation (distinguishing between individual objects), used in medical imaging, autonomous driving, and image editing.",Yes,https://en.wikipedia.org/wiki/Image_segmentation
Apps & AI,AI & Machine Learning,Fundamentals: Computer Vision,Object Detection,Identifying and locating objects in images,"Object detection combines image classification with localization to identify multiple objects within an image and draw bounding boxes around them. It enables applications like autonomous vehicles, retail inventory tracking, security surveillance, and augmented reality to understand what objects are present and where they are located.",Yes,https://en.wikipedia.org/wiki/Object_detection
Apps & AI,AI & Machine Learning,Fundamentals: Computer Vision,OCR & Document Analysis,Extracting text from images/documents,"Optical Character Recognition (OCR) and document analysis extract text and structure from images, PDFs, and scanned documents. Modern approaches combine text detection, recognition, and layout analysis to understand document hierarchy, tables, and forms, enabling document digitization, data extraction, and automated processing workflows.",No,https://en.wikipedia.org/wiki/Optical_character_recognition
Apps & AI,AI & Machine Learning,Fundamentals: Computer Vision,Video Analytics,Processing and analyzing video content,"Video analytics applies computer vision techniques to video streams for real-time or batch analysis. It includes object tracking, action recognition, scene understanding, and temporal analysis, enabling applications like security monitoring, traffic analysis, sports analytics, and automated video summarization.",No,https://en.wikipedia.org/wiki/Video_content_analysis
Apps & AI,AI & Machine Learning,Fundamentals: Large Language Models (LLMs),Chunking,Splitting documents for RAG pipelines,"Chunking is the process of splitting large documents into smaller segments for embedding and retrieval in RAG applications. Strategies include fixed-size chunks, semantic chunking, and recursive splitting, with chunk size and overlap affecting retrieval quality and context coherence in LLM responses.",No,https://learn.microsoft.com/en-us/azure/search/vector-search-how-to-chunk-documents
Apps & AI,AI & Machine Learning,Fundamentals: Large Language Models (LLMs),Embeddings Models,Vector representations for semantic search,"Embedding models convert text into dense vector representations that capture semantic meaning. These vectors enable similarity search, clustering, and retrieval-augmented generation by measuring distances between concepts in vector space, powering semantic search engines and knowledge retrieval systems.",No,https://en.wikipedia.org/wiki/Word_embedding
Apps & AI,AI & Machine Learning,Fundamentals: Large Language Models (LLMs),Multi-modal Models,Vision + text combined models,"Multi-modal models like GPT-4 Vision process both text and images in a unified architecture. They can describe images, answer questions about visual content, extract information from diagrams, and reason across modalities, enabling applications that understand documents with mixed text and visual elements.",No,https://en.wikipedia.org/wiki/Multimodal_learning
Apps & AI,AI & Machine Learning,Fundamentals: Large Language Models (LLMs),Prompt Engineering,Crafting effective LLM instructions,"Prompt engineering is the practice of designing and optimizing inputs to large language models to achieve desired outputs. It encompasses techniques like few-shot learning, role definition, output formatting, and iterative refinement to improve response quality, consistency, and task performance.",Yes,https://learn.microsoft.com/en-us/azure/ai-foundry/concepts/observability
Apps & AI,AI & Machine Learning,Fundamentals: Large Language Models (LLMs),Retrieval-Augmented Generation (RAG),Grounding LLM responses with retrieved context,"Retrieval-Augmented Generation (RAG) combines information retrieval with LLM generation to ground responses in factual, up-to-date information. It involves chunking documents, creating embeddings, searching for relevant context, and augmenting prompts with retrieved content to reduce hallucinations and enable knowledge-intensive applications.",Yes,https://learn.microsoft.com/en-us/azure/search/retrieval-augmented-generation-overview
Apps & AI,AI & Machine Learning,Fundamentals: Large Language Models (LLMs),Supervised Fine-Tuning,Instruction-based model tuning,"Supervised fine-tuning adapts LLMs using labeled examples of desired input-output pairs. By training on high-quality demonstrations of tasks, models learn to follow instructions more accurately, produce consistent formatting, and handle domain-specific queries better than base models.",Yes,https://en.wikipedia.org/wiki/Fine-tuning_(deep_learning)
Apps & AI,AI & Machine Learning,Fundamentals: MLOps,Data Preparation,Cleaning and formatting training data,"Data preparation encompasses the processes of collecting, cleaning, transforming, and formatting data for machine learning. It includes handling missing values, normalization, feature engineering, data augmentation, and creating train/validation/test splits to ensure model training produces reliable results.",No,https://learn.microsoft.com/en-us/azure/machine-learning/how-to-prepare-datasets-for-automl-images
Apps & AI,AI & Machine Learning,Fundamentals: MLOps,Hyperparameter Optimization,Tuning training parameters,"Hyperparameter optimization involves systematically searching for the best training configuration including learning rate, batch size, epochs, and regularization. Proper tuning maximizes model performance while preventing overfitting, using techniques like grid search, random search, or Bayesian optimization.",No,https://en.wikipedia.org/wiki/Hyperparameter_optimization
Apps & AI,AI & Machine Learning,Fundamentals: MLOps,Model Evaluation,Benchmarking and quality assessment,"Model evaluation involves measuring AI model performance using metrics appropriate to the task, such as accuracy, precision, recall, and F1 for classification, or BLEU, ROUGE, and human evaluation for generative models. It includes establishing baselines, running benchmarks, and tracking quality over time.",No,https://learn.microsoft.com/en-us/azure/machine-learning/how-to-evaluate-models
Apps & AI,AI & Machine Learning,Fundamentals: Natural Language Processing (NLP),Machine Translation,Converting text between languages,"Machine translation automatically converts text from one language to another using neural networks trained on parallel corpora. Modern systems like neural machine translation produce fluent, context-aware translations and can be customized with domain-specific terminology for specialized content like legal, medical, or technical documents.",No,https://en.wikipedia.org/wiki/Machine_translation
Apps & AI,AI & Machine Learning,Fundamentals: Natural Language Processing (NLP),Named Entity Recognition (NER),Identifying entities in text,"Named Entity Recognition identifies and classifies named entities in text into categories such as persons, organizations, locations, dates, and quantities. It is fundamental to information extraction, knowledge graph construction, and understanding the key actors and concepts mentioned in documents.",No,https://en.wikipedia.org/wiki/Named-entity_recognition
Apps & AI,AI & Machine Learning,Fundamentals: Natural Language Processing (NLP),Question Answering,Building QnA systems,"Question answering systems provide direct answers to user questions based on a knowledge base, documents, or retrieved context. Approaches range from extractive QA (finding answer spans in text) to generative QA (synthesizing answers using LLMs), enabling FAQ bots, customer support automation, and information retrieval.",No,https://en.wikipedia.org/wiki/Question_answering
Apps & AI,AI & Machine Learning,Fundamentals: Natural Language Processing (NLP),Sentiment Analysis,Detecting emotional tone in text,"Sentiment analysis determines the emotional tone or opinion expressed in text, classifying content as positive, negative, or neutral. Advanced approaches detect specific emotions, aspect-based sentiment, and intensity levels, enabling brand monitoring, customer feedback analysis, and social media analytics.",No,https://en.wikipedia.org/wiki/Sentiment_analysis
Apps & AI,AI & Machine Learning,Fundamentals: Natural Language Processing (NLP),Text Analytics,Extracting insights from text,"Text analytics encompasses techniques for extracting structured information and insights from unstructured text. It includes statistical analysis of word frequencies, co-occurrence patterns, and linguistic features to understand content themes, measure readability, and identify important information within large text corpora.",No,https://en.wikipedia.org/wiki/Text_mining
Apps & AI,AI & Machine Learning,Fundamentals: Natural Language Processing (NLP),Text Summarization,Condensing long text,"Text summarization creates concise versions of longer documents while preserving key information. Extractive summarization selects important sentences from the original text, while abstractive summarization generates new sentences that capture the essence, useful for news digests, document review, and meeting notes.",No,https://en.wikipedia.org/wiki/Automatic_summarization
Apps & AI,AI & Machine Learning,Fundamentals: Security,Responsible AI,AI ethics & governance,"Microsoft's Responsible AI Standard provides guidelines and practices for developing AI systems ethically and responsibly. It covers fairness, reliability, privacy, security, inclusiveness, transparency, and accountability, helping organizations implement AI governance frameworks and evaluate AI systems for potential harms.",Yes,https://www.microsoft.com/en-us/ai/responsible-ai
Apps & AI,AI & Machine Learning,Solution,Azure AI Anomaly Detector,Time-series anomaly detection,"Azure Anomaly Detector is an AI service that identifies anomalies in time-series data automatically. It detects spikes, dips, and trend changes without requiring ML expertise, making it ideal for monitoring IoT sensors, business metrics, and operational data to identify issues before they impact users.",Yes,https://learn.microsoft.com/en-us/azure/ai-services/anomaly-detector/
Apps & AI,AI & Machine Learning,Solution,Azure AI Bot Service,Conversational AI bots,"Azure Bot Services provides a managed platform for building, testing, and deploying conversational AI bots. It integrates with Bot Framework SDK, supports multiple channels including Teams, Slack, and web chat, and connects with Azure AI services for natural language understanding and speech capabilities.",Yes,https://learn.microsoft.com/en-us/azure/bot-service/
Apps & AI,AI & Machine Learning,Solution,Azure AI Content Safety,Content moderation,"Azure AI Content Safety provides AI-powered content moderation to detect potentially offensive, risky, or unwanted content in text and images. It identifies hate speech, violence, self-harm, and sexual content with severity levels, enabling platforms to enforce content policies and create safer user experiences.",Yes,https://learn.microsoft.com/en-us/azure/ai-services/content-safety/
Apps & AI,AI & Machine Learning,Solution,Azure AI Custom Vision,Custom image classifiers,"Azure Custom Vision is a cognitive service for building custom image classification and object detection models without deep ML expertise. It provides a web-based interface for uploading training images, labeling data, and training models that can be exported for edge deployment or accessed via REST APIs for cloud-based predictions.",Yes,https://learn.microsoft.com/en-us/azure/ai-services/custom-vision-service/
Apps & AI,AI & Machine Learning,Solution,Azure AI Face,Face detection & recognition,"Azure Face API provides facial detection, recognition, and analysis capabilities for identifying individuals, detecting facial attributes, and verifying identity. It supports face grouping, similarity matching, and liveness detection for building secure authentication systems while adhering to responsible AI principles and privacy requirements.",Yes,https://learn.microsoft.com/en-us/azure/ai-services/computer-vision/overview-identity
Apps & AI,AI & Machine Learning,Solution,Azure AI Immersive,Reading accessibility,"Azure Immersive Reader is an AI service that improves reading comprehension and accessibility. It provides text-to-speech, translation, syllable highlighting, picture dictionaries, and focus mode, helping users with dyslexia, learning differences, or language barriers to better understand written content.",No,https://learn.microsoft.com/en-us/azure/ai-services/immersive-reader/
Apps & AI,AI & Machine Learning,Solution,Azure AI Search,"Vector/hybrid search, RAG pipelines","Azure AI Search is a cloud search service that provides vector and hybrid search capabilities for building retrieval-augmented generation (RAG) applications. It supports semantic ranking, AI enrichment during indexing, and integration with Azure AI Services for building intelligent search experiences and grounding LLM responses with enterprise data.",Yes,https://learn.microsoft.com/en-us/azure/search/
Apps & AI,AI & Machine Learning,Solution,Azure AI Services (OpenAI),"GPT, Codex, embeddings, DALL-E","Azure AI Services provides enterprise-grade access to OpenAI's powerful models including GPT-4, GPT-4o, Codex, and DALL-E with Azure's security, compliance, and regional availability. It offers private networking, content filtering, fine-tuning capabilities, and responsible AI tools for building generative AI applications at scale.",Yes,https://learn.microsoft.com/en-us/azure/ai-foundry/openai/
Apps & AI,AI & Machine Learning,Solution,Azure AI Video Indexer,Video content analysis,"Azure AI Video Indexer is a cloud service that extracts insights from video and audio content using AI. It provides automatic transcription, speaker identification, face recognition, object detection, scene segmentation, and sentiment analysis, making video content searchable and enabling automated content moderation and metadata extraction.",Yes,https://learn.microsoft.com/en-us/azure/azure-video-indexer/
Apps & AI,AI & Machine Learning,Solution,Azure Document Intelligence,Form/document extraction,"Azure AI Document Intelligence (formerly Form Recognizer) extracts text, key-value pairs, tables, and structures from documents using machine learning. It includes prebuilt models for invoices, receipts, and IDs, plus custom model training for organization-specific documents, automating data entry and document processing workflows.",Yes,https://learn.microsoft.com/en-us/azure/ai-services/document-intelligence/
Apps & AI,AI & Machine Learning,Solution,Azure Language,"NLP, text analytics, QnA","Azure AI Language provides natural language processing capabilities including sentiment analysis, key phrase extraction, named entity recognition, and conversational language understanding. It enables applications to understand text, build question-answering systems, summarize documents, and extract structured information from unstructured content.",Yes,https://learn.microsoft.com/en-us/azure/ai-services/language-service/
Apps & AI,AI & Machine Learning,Solution,Azure Machine Learning,End-to-end ML platform,"Azure Machine Learning is a comprehensive cloud platform for building, training, and deploying machine learning models at scale. It provides automated ML, designer-based visual workflows, Jupyter notebooks, MLOps capabilities, and integration with popular frameworks like PyTorch and TensorFlow, enabling data scientists to accelerate the entire ML lifecycle.",Yes,https://learn.microsoft.com/en-us/azure/machine-learning/
Apps & AI,AI & Machine Learning,Solution,Azure Speech,"Speech-to-text, text-to-speech","Azure Speech Services provides speech recognition, synthesis, and translation capabilities. It includes real-time speech-to-text transcription, custom voice creation for text-to-speech, speech translation across languages, speaker recognition, and pronunciation assessment, enabling voice-enabled applications and accessibility solutions.",Yes,https://learn.microsoft.com/en-us/azure/ai-services/speech-service/
Apps & AI,AI & Machine Learning,Solution,Azure Translator,Multi-language translation,"Azure Translator is a cloud-based neural machine translation service supporting over 100 languages. It provides real-time text and document translation, transliteration, language detection, and custom terminology support, enabling applications to break language barriers and localize content for global audiences.",No,https://learn.microsoft.com/en-us/azure/ai-services/translator/
Apps & AI,AI & Machine Learning,Solution,Azure Vision,"Image analysis, OCR","Azure Computer Vision provides AI capabilities for extracting information from images including object detection, image classification, optical character recognition (OCR), and spatial analysis. It enables applications to understand visual content, extract text from documents, detect faces, and analyze image composition for accessibility and automation scenarios.",Yes,https://learn.microsoft.com/en-us/azure/ai-services/computer-vision/
Apps & AI,AI & Machine Learning,Solution,Capacity Planning,Model availability and quota management,"Capacity planning for Azure AI Services involves understanding model availability across regions, managing quota limits, and planning for throughput requirements. It includes monitoring token usage, provisioning appropriate deployment tiers, and implementing retry logic to handle rate limits in production AI applications.",No,https://learn.microsoft.com/en-us/azure/ai-services/openai/quotas-limits
Apps & AI,AI & Machine Learning,Solution,Microsoft Foundry,"Model orchestration, prompt flow, agents","Azure AI Foundry (formerly AI Studio) is a unified platform for developing generative AI applications. It provides prompt flow for visual orchestration, model catalog for discovering and deploying models, evaluation tools for testing AI quality, and integrated development environments for building, testing, and deploying AI solutions with built-in responsible AI capabilities.",Yes,https://learn.microsoft.com/en-us/azure/ai-foundry/
Apps & AI,Application Development,Fundamentals,Infrastructure as Code (IaC),Declarative infrastructure management,"Infrastructure as Code (IaC) manages cloud resources through version-controlled configuration files rather than manual processes. Tools like Bicep, Terraform, and ARM templates enable reproducible, auditable, and automated infrastructure provisioning.",Yes,https://en.wikipedia.org/wiki/Infrastructure_as_code
Apps & AI,Application Development,Solution,Redis,In-memory caching,"Azure Cache for Redis provides a fully managed in-memory data store based on Redis. It offers sub-millisecond latency for caching, session management, and real-time analytics, with options for clustering, geo-replication, and data persistence for mission-critical applications.",Yes,https://azure.microsoft.com/en-us/products/managed-redis
Apps & AI,Application Development,Best Practices,Integration Testing,Testing component interactions,"Integration testing verifies that multiple components or services work correctly together. It validates API contracts, database interactions, and external service integrations, catching issues that unit tests miss when components are combined.",No,https://en.wikipedia.org/wiki/Integration_testing
Apps & AI,Application Development,Best Practices,Interactive Debugging,Runtime code inspection and troubleshooting,"Interactive debugging involves using debuggers to step through code execution, inspect variables, set breakpoints, and diagnose issues at runtime. Tools include IDE debuggers, browser DevTools, and remote debugging capabilities for troubleshooting applications in development and production environments.",No,https://code.visualstudio.com/docs/editor/debugging
Apps & AI,Application Development,Best Practices,Test-Driven Development (TDD),Writing tests before implementation,"Test-Driven Development is a practice where tests are written before the code they validate. The red-green-refactor cycle ensures code is testable by design, leads to better architecture, and creates comprehensive test coverage as a natural byproduct of development.",No,https://en.wikipedia.org/wiki/Test-driven_development
Apps & AI,Application Development,Best Practices,Unit Testing,Testing individual code components,"Unit testing validates that individual functions, methods, or classes work correctly in isolation. It enables rapid feedback during development, catches regressions early, and serves as documentation for expected behavior. Frameworks include pytest, xUnit, Jest, and NUnit.",Yes,https://en.wikipedia.org/wiki/Unit_testing
Apps & AI,Application Development,Solution,Azure Functions,Event-driven serverless compute,"Azure Functions is a serverless compute service that enables running event-triggered code without managing infrastructure. It supports multiple programming languages, automatic scaling, and integration with Azure services through bindings and triggers for building microservices, APIs, and automation workflows.",Yes,https://learn.microsoft.com/en-us/azure/azure-functions/
Apps & AI,Application Development,Framework,Durable Functions,Stateful serverless workflows,"Durable Functions is an extension of Azure Functions for writing stateful workflows in serverless environments. It provides orchestrator functions for defining workflows, activity functions for work units, and entity functions for state management, enabling long-running, reliable business processes.",No,https://learn.microsoft.com/en-us/azure/azure-functions/durable/
Apps & AI,Application Development,Framework,Playwright,Testing complete user workflows,"End-to-end (E2E) testing validates entire user workflows from start to finish, simulating real user interactions. Tools like Playwright, Selenium, and Cypress automate browser testing to ensure applications work correctly from the user's perspective.",Yes,https://playwright.dev/docs/intro
Apps & AI,Application Development,Framework,Git,Source code management and collaboration,"Git is the standard distributed version control system for tracking code changes and enabling team collaboration. Proficiency includes branching strategies, merge/rebase workflows, conflict resolution, and integration with GitHub or Azure DevOps.",Yes,https://git-scm.com/doc
Apps & AI,Containers,Solution,Azure App Configuration,Centralized config management,"Azure App Configuration provides centralized management of application settings and feature flags. It enables dynamic configuration updates without redeployment, feature management with targeting rules, and integration with Key Vault for secrets, supporting modern DevOps practices for configuration management.",Yes,https://learn.microsoft.com/en-us/azure/azure-app-configuration/
Apps & AI,Containers,Solution,Azure Container Apps,Serverless containers,"Azure Container Apps is a serverless container platform for running microservices and containerized applications without managing infrastructure. It provides automatic scaling including scale-to-zero, built-in service discovery, Dapr integration for microservices patterns, and simple deployment from container images or source code.",Yes,https://learn.microsoft.com/en-us/azure/container-apps/
Apps & AI,Containers,Solution,Azure Container Instance,Serverless container hosting,"Azure Container Instances provides the fastest and simplest way to run containers in Azure without managing VMs or orchestrators. It offers per-second billing, custom sizes, and public IP connectivity, ideal for simple applications, build agents, task automation, and burst capacity scenarios.",Yes,https://learn.microsoft.com/en-us/azure/container-instances/
Apps & AI,Containers,Solution,Azure Container Registry,Private container registry,"Azure Container Registry is a managed Docker registry for storing and managing container images and artifacts. It provides geo-replication, image scanning, content trust, and integration with AKS and other Azure services, serving as the secure foundation for container-based CI/CD pipelines.",Yes,https://learn.microsoft.com/en-us/azure/container-registry/
Apps & AI,Containers,Solution,Azure Kubernetes Fleet Manager,Multi-cluster management,"Azure Kubernetes Fleet Manager enables centralized management of multiple AKS clusters across regions and subscriptions. It provides consistent configuration, workload placement, and update orchestration across fleet members, simplifying operations for organizations running distributed Kubernetes environments.",No,https://learn.microsoft.com/en-us/azure/kubernetes-fleet/
Apps & AI,Containers,Solution,Azure Kubernetes Service (AKS),Managed Kubernetes,"Azure Kubernetes Service is a managed container orchestration platform that simplifies deploying, managing, and scaling containerized applications using Kubernetes. It provides automated upgrades, patching, self-healing, and integration with Azure services like Monitor, Entra ID, and Container Registry for enterprise-grade container workloads.",Yes,https://learn.microsoft.com/en-us/azure/aks/
Apps & AI,Containers,Solution,Azure Red Hat OpenShift (ARO),Enterprise OpenShift,"Azure Red Hat OpenShift is a fully managed OpenShift service jointly operated by Microsoft and Red Hat. It provides enterprise Kubernetes with built-in CI/CD, developer tools, and operational automation, enabling organizations already invested in OpenShift to run workloads on Azure with full support.",No,https://learn.microsoft.com/en-us/azure/openshift/
Apps & AI,DevOps,CI/CD,Azure Pipelines (Azure DevOps Pipelines),Azure DevOps CI/CD,"Azure DevOps Pipelines provides cloud-hosted CI/CD with YAML or classic editor definitions. It supports multi-stage pipelines, environments with approvals, and deployment to any platform, with hosted agents for Windows, Linux, and macOS.",Yes,https://learn.microsoft.com/en-us/azure/devops/pipelines/
Apps & AI,DevOps,CI/CD,GitHub Actions,GitHub CI/CD,"Continuous Integration and Continuous Deployment automate building, testing, and deploying code changes. Pipelines in GitHub Actions or Azure Pipelines ensure consistent, repeatable deployments and catch issues early through automated testing.",Yes,https://docs.github.com/en/actions
Apps & AI,DevOps,Solution,Azure Deployment Environments,Self-service infra provisioning,"Azure Deployment Environments enables self-service provisioning of preconfigured infrastructure for development and testing. Platform engineers define environment templates using IaC, and developers can spin up complete environments on-demand, accelerating development while maintaining governance and cost control.",No,https://learn.microsoft.com/en-us/azure/deployment-environments/
Apps & AI,DevOps,Solution,Microsoft Dev Box,Cloud developer workstations,"Microsoft Dev Box provides self-service access to high-performance, cloud-based developer workstations. Pre-configured with project-specific tools and code, Dev Boxes enable developers to start coding immediately while IT maintains security, compliance, and cost management across the organization.",No,https://learn.microsoft.com/en-us/azure/dev-box/
Apps & AI,DevOps,Platform,Azure DevOps,"Repos, Pipelines, Boards","Azure DevOps provides integrated tools for the complete software development lifecycle including Git repositories, CI/CD pipelines, agile boards, test management, and artifact feeds. It offers enterprise-grade security, compliance, and scalability for managing complex software projects and delivery pipelines.",Yes,https://learn.microsoft.com/en-us/azure/devops/
Apps & AI,DevOps,Platform,GitHub,"Source control, Actions, Codespaces, Copilot","GitHub is the world's leading software development platform providing Git repository hosting, CI/CD through Actions, cloud development environments via Codespaces, and AI-assisted coding with Copilot. It enables collaborative development, code review, project management, and automated software delivery workflows.",Yes,https://docs.github.com/
Apps & AI,DevOps,Solution,Azure Chaos Studio,Chaos engineering,"Azure Chaos Studio is a managed chaos engineering service for improving application resilience. It enables controlled fault injection experiments against Azure resources to validate that applications can withstand real-world failures, helping teams build confidence in their systems' reliability.",No,https://learn.microsoft.com/en-us/azure/chaos-studio/
Apps & AI,DevOps,Solution,Azure App Testing,Performance testing,"Azure Load Testing is a fully managed service for generating high-scale load against applications. It supports JMeter scripts, provides real-time analytics, and integrates with CI/CD pipelines for automated performance testing, helping teams identify bottlenecks and validate scalability.",No,https://learn.microsoft.com/en-us/azure/app-testing/
Apps & AI,Messaging & Event Streaming,,ActiveMQ,Enterprise messaging,"Apache ActiveMQ is an open-source enterprise message broker supporting JMS, AMQP, and other protocols. It provides message persistence, clustering, and extensive integration with Java ecosystems, commonly found in enterprise Java applications and legacy system integration scenarios.",No,https://activemq.apache.org/components/classic/documentation/
Apps & AI,Messaging & Event Streaming,,Apache Kafka,Distributed streaming platform,"Apache Kafka is an open-source distributed event streaming platform used for high-throughput, fault-tolerant data pipelines and streaming applications. Understanding Kafka architecture, producers, consumers, topics, and partitions is essential for building real-time data platforms and event-driven microservices.",Yes,https://kafka.apache.org/documentation/
Apps & AI,Messaging & Event Streaming,,Azure Event Grid,Event routing service,"Azure Event Grid is a fully managed event routing service that enables event-driven architectures. It provides reliable event delivery with filtering, batching, and retry policies, connecting Azure services, custom applications, and partner services through a unified eventing model with at-least-once delivery guarantees.",Yes,https://learn.microsoft.com/en-us/azure/event-grid/
Apps & AI,Messaging & Event Streaming,,Azure Event Hubs,Big data streaming,"Azure Event Hubs is a big data streaming platform capable of ingesting millions of events per second. It provides partitioned consumer groups, capture to storage, and integration with stream processing services, serving as the foundation for real-time analytics, IoT telemetry, and event sourcing architectures.",Yes,https://learn.microsoft.com/en-us/azure/event-hubs/
Apps & AI,Messaging & Event Streaming,,Azure Relay,Hybrid connectivity,"Azure Relay enables secure, bi-directional communication between on-premises services and the cloud without opening firewall ports. It provides hybrid connections for HTTP/WebSocket traffic and WCF relay for .NET services, enabling gradual cloud migration and hybrid integration scenarios.",No,https://learn.microsoft.com/en-us/azure/azure-relay/
Apps & AI,Messaging & Event Streaming,,Azure Service Bus,Enterprise message broker,"Azure Service Bus is an enterprise message broker providing reliable message queuing and publish-subscribe capabilities. It supports advanced features like sessions, dead-lettering, transactions, and duplicate detection, enabling decoupled architectures, load leveling, and ordered message processing for mission-critical applications.",Yes,https://learn.microsoft.com/en-us/azure/service-bus-messaging/
Apps & AI,Messaging & Event Streaming,,RabbitMQ,Message broker,"RabbitMQ is an open-source message broker supporting multiple messaging protocols including AMQP. It provides flexible routing, message acknowledgment, and clustering capabilities, commonly used for task queues, request-reply patterns, and decoupling application components in polyglot environments.",No,https://www.rabbitmq.com/docs
Apps & AI,Monitoring & Observability,,Azure Application Insights,APM for apps,"Application Insights is an application performance management (APM) service providing deep insights into application behavior. It offers automatic instrumentation, distributed tracing, live metrics, smart detection of anomalies, and integration with development tools for debugging production issues.",Yes,https://learn.microsoft.com/en-us/azure/azure-monitor/app/app-insights-overview
Apps & AI,Monitoring & Observability,,Azure Monitor,"Metrics, logs, alerts","Azure Monitor is a comprehensive observability platform for collecting, analyzing, and acting on telemetry from Azure and hybrid environments. It provides metrics, logs, distributed tracing, and alerting, enabling full-stack monitoring, intelligent diagnostics, and automated remediation.",Yes,https://learn.microsoft.com/en-us/azure/azure-monitor/
Apps & AI,Monitoring & Observability,,Datadog,Full-stack observability (Partner),"Datadog on Azure provides unified observability across infrastructure, applications, and logs. As an Azure Native ISV Service, it offers seamless integration, consolidated billing, and the ability to monitor Azure resources alongside multi-cloud and on-premises environments.",No,https://learn.microsoft.com/en-us/azure/partner-solutions/datadog/
Apps & AI,Monitoring & Observability,,Dynatrace,AI-powered observability (Partner),"Dynatrace on Azure delivers AI-powered full-stack observability with automatic discovery and instrumentation. It provides root cause analysis, business analytics, and cloud automation insights, helping teams understand complex environments and resolve issues faster.",No,https://learn.microsoft.com/en-us/azure/partner-solutions/dynatrace/
Apps & AI,Monitoring & Observability,,Elasticsearch,Distributed search and analytics (Partner),"Elastic Cloud on Azure provides managed Elasticsearch for full-text search, log analytics, and observability. It offers integration with Azure services, Kibana dashboards, and machine learning features for anomaly detection and operational intelligence.",Yes,https://learn.microsoft.com/en-us/azure/partner-solutions/elastic/
Apps & AI,Monitoring & Observability,,New Relic,Observability platform (Partner),"New Relic on Azure provides telemetry data platform capabilities for metrics, events, logs, and traces. As an Azure Native ISV Service, it enables unified observability with simplified procurement and integration for monitoring cloud-native and hybrid applications.",No,https://learn.microsoft.com/en-us/azure/partner-solutions/new-relic/
Apps & AI,Networking,Fundamentals,Firewalls,Network traffic filtering and security,"Firewalls are network security devices that monitor and filter incoming and outgoing traffic based on security rules. Understanding firewall concepts including stateful inspection, packet filtering, application-layer filtering, and network segmentation is essential for designing secure cloud architectures.",No,https://en.wikipedia.org/wiki/Firewall_(computing)
Apps & AI,Networking,Solution,Azure API Management,API gateway & publishing,"Azure API Management is a hybrid, multi-cloud platform for managing APIs across all environments. It provides a gateway for security, rate limiting, and transformation, a developer portal for API discovery, and analytics for monitoring usage, enabling organizations to productize and govern their APIs.",Yes,https://learn.microsoft.com/en-us/azure/api-management/
Apps & AI,Networking,Solution,Azure Application Gateway,Layer 7 load balancer with WAF,"Azure Application Gateway is a web traffic load balancer providing Layer 7 routing, SSL termination, and Web Application Firewall capabilities. It supports URL-based routing, cookie affinity, and autoscaling for securing and scaling web applications within a region.",Yes,https://learn.microsoft.com/en-us/azure/application-gateway/
Apps & AI,Networking,Solution,Azure Bastion,Secure RDP/SSH access to VMs,"Azure Bastion provides secure, seamless RDP and SSH connectivity to virtual machines directly through the Azure portal over TLS. It eliminates the need for public IPs on VMs, protecting against port scanning and providing a managed jump host solution.",Yes,https://learn.microsoft.com/en-us/azure/bastion/
Apps & AI,Networking,Solution,Azure CDN,Content caching and acceleration,"Azure CDN delivers content through a global network of edge servers, reducing latency and improving performance for static and dynamic content. It integrates with Azure services, supports custom domains and HTTPS, and provides rules engine for content optimization and security.",No,https://learn.microsoft.com/en-us/azure/cdn/
Apps & AI,Networking,Solution,Azure DDoS Protection,Distributed denial-of-service protection,"Azure DDoS Protection provides defense against distributed denial-of-service attacks with always-on traffic monitoring and automatic mitigation. It protects Azure resources with adaptive tuning, attack analytics, and integration with Azure Monitor for real-time visibility.",No,https://learn.microsoft.com/en-us/azure/ddos-protection/
Apps & AI,Networking,Solution,Azure DNS,Managed DNS hosting,"Azure DNS provides hosting for DNS domains using Microsoft's global network of name servers. It offers fast response times, high availability, and integration with other Azure services, supporting both public DNS zones and private DNS for virtual network resolution.",No,https://learn.microsoft.com/en-us/azure/dns/
Apps & AI,Networking,Solution,Azure ExpressRoute,Dedicated private connection to Azure,"Azure ExpressRoute provides dedicated, private connections between on-premises infrastructure and Azure datacenters. It offers lower latency, higher reliability, and more consistent performance than internet connections, with bandwidth options up to 100 Gbps for demanding enterprise workloads.",No,https://learn.microsoft.com/en-us/azure/expressroute/
Apps & AI,Networking,Solution,Azure Firewall,Cloud-native network firewall,"Azure Firewall is a managed, cloud-native network security service protecting Azure Virtual Network resources. It provides stateful inspection, application and network-level filtering, threat intelligence integration, and centralized policy management across subscriptions and virtual networks.",Yes,https://learn.microsoft.com/en-us/azure/firewall/
Apps & AI,Networking,Solution,Azure Front Door,"Global load balancing, CDN, WAF, SSL offload","Azure Front Door is a global, scalable entry point for web applications providing load balancing, CDN acceleration, SSL termination, and web application firewall protection. It optimizes performance through Microsoft's global edge network and provides instant failover for high availability.",Yes,https://learn.microsoft.com/en-us/azure/frontdoor/
Apps & AI,Networking,Solution,Azure Load Balancer,Layer 4 (TCP/UDP) load balancing,"Azure Load Balancer provides high-performance Layer 4 load balancing for TCP and UDP traffic. It offers low latency, high throughput, and scales to millions of flows, supporting both internal and external load balancing scenarios with health probes and HA ports.",No,https://learn.microsoft.com/en-us/azure/load-balancer/
Apps & AI,Networking,Solution,Azure NAT Gateway,Outbound internet connectivity,"Azure NAT Gateway provides scalable, reliable outbound internet connectivity for virtual network resources. It offers predictable public IPs for outbound flows, eliminates the need for load balancer outbound rules, and scales automatically to handle traffic demands.",No,https://learn.microsoft.com/en-us/azure/nat-gateway/
Apps & AI,Networking,Solution,Azure Network Watcher,Network monitoring and diagnostics,"Azure Network Watcher provides network monitoring, diagnostics, and analytics for Azure virtual networks. It offers tools for connection troubleshooting, packet capture, flow logging, and topology visualization to diagnose network issues and gain visibility into network health.",No,https://learn.microsoft.com/en-us/azure/network-watcher/
Apps & AI,Networking,Solution,Azure Private Endpoint,Private IP access to PaaS services,"Azure Private Endpoints provide private IP addresses for Azure PaaS services within a virtual network. They enable secure, direct connectivity without public IP exposure, with support for DNS integration and network security group enforcement for granular access control.",Yes,https://learn.microsoft.com/en-us/azure/private-link/private-endpoint-overview
Apps & AI,Networking,Solution,Azure Private Link,Private connectivity to Azure services,"Azure Private Link enables private access to Azure PaaS services over a private endpoint in your virtual network. Traffic stays on the Microsoft network, eliminating exposure to the public internet and enabling secure access to services like Storage, SQL, and Cosmos DB.",No,https://learn.microsoft.com/en-us/azure/private-link/
Apps & AI,Networking,Solution,Azure Traffic Manager,DNS-based global traffic routing,"Azure Traffic Manager is a DNS-based traffic load balancer for distributing traffic across global Azure regions. It supports priority, weighted, performance, and geographic routing methods for high availability, disaster recovery, and optimal user experience based on endpoint health and location.",No,https://learn.microsoft.com/en-us/azure/traffic-manager/
Apps & AI,Networking,Solution,Azure Virtual Network (VNet),Private network isolation and segmentation,"Azure Virtual Network is the foundational building block for private networks in Azure. It enables secure communication between Azure resources, on-premises networks, and the internet with full control over IP addressing, DNS, security policies, and routing for network isolation and segmentation.",Yes,https://learn.microsoft.com/en-us/azure/virtual-network/
Apps & AI,Networking,Solution,Azure Virtual WAN,Branch connectivity and routing,"Azure Virtual WAN provides unified networking connecting branches, remote users, and Azure workloads through a global transit network. It simplifies hub-and-spoke architectures with automated routing, integrated security, and optimization for hybrid and multi-site connectivity.",No,https://learn.microsoft.com/en-us/azure/virtual-wan/
Apps & AI,Networking,Solution,Azure VPN Gateway,Site-to-site and point-to-site VPN,"Azure VPN Gateway establishes encrypted connections between Azure virtual networks and on-premises locations over the public internet. It supports site-to-site, point-to-site, and VNet-to-VNet connections using IPsec/IKE protocols for hybrid cloud connectivity.",No,https://learn.microsoft.com/en-us/azure/vpn-gateway/
Apps & AI,Programming Languages,Declarative,Bicep,Azure infrastructure as code,"Bicep is a domain-specific language for deploying Azure resources declaratively. It offers a cleaner syntax than ARM templates, with modules, loops, and conditions for building reusable infrastructure definitions that integrate with Azure DevOps and GitHub Actions.",Yes,https://learn.microsoft.com/en-us/azure/azure-resource-manager/bicep/
Apps & AI,Programming Languages,Declarative,Terraform,Multi-cloud infrastructure as code,"Terraform uses HashiCorp Configuration Language (HCL) for defining infrastructure across multiple cloud providers. It provides state management, plan/apply workflows, and a large ecosystem of providers for managing Azure and hybrid cloud environments.",Yes,https://developer.hashicorp.com/terraform/docs
Apps & AI,Programming Languages,Declarative,YAML,Configuration and pipeline definitions,"YAML is a human-readable data serialization format used extensively for configuration files, CI/CD pipelines, Kubernetes manifests, and Azure DevOps/GitHub Actions workflows. Understanding YAML syntax is essential for modern DevOps practices.",No,https://yaml.org/spec/
Apps & AI,Programming Languages,Programming,C,Systems programming language,"C is a general-purpose procedural programming language that provides low-level memory access and efficient compilation. It is foundational for operating systems, embedded systems, and performance-critical applications, and remains essential for understanding systems programming and hardware interaction.",No,https://en.wikipedia.org/wiki/C_(programming_language)
Apps & AI,Programming Languages,Programming,C# / .NET,Enterprise application development,"C# and the .NET platform provide a robust, type-safe environment for building enterprise applications, APIs, and cloud services. With strong Azure integration, ASP.NET Core for web APIs, and Semantic Kernel for AI orchestration, it's a primary language for building production AI applications on Microsoft platforms.",Yes,https://learn.microsoft.com/en-us/dotnet/csharp/
Apps & AI,Programming Languages,Programming,C++,Object-oriented systems language,"C++ extends C with object-oriented features, templates, and the Standard Template Library. It combines high-level abstractions with low-level hardware control, making it ideal for game engines, high-frequency trading systems, browsers, and performance-intensive applications requiring fine-grained resource management.",No,https://en.wikipedia.org/wiki/C%2B%2B
Apps & AI,Programming Languages,Programming,Go,Cloud-native and systems programming,"Go (Golang) is a compiled language designed for simplicity, concurrency, and performance. It's popular for building cloud-native applications, CLI tools, and microservices, with efficient resource usage making it ideal for containerized workloads and Kubernetes-based systems.",Yes,https://go.dev/doc/
Apps & AI,Programming Languages,Programming,Java,Enterprise and cross-platform applications,"Java is a mature, platform-independent language widely used in enterprise environments. It offers strong typing, extensive libraries, and robust tooling for building scalable backend services, microservices, and Android applications with growing AI/ML library support.",Yes,https://docs.oracle.com/en/java/
Apps & AI,Programming Languages,Programming,JavaScript / TypeScript,Web and full-stack development,"JavaScript and TypeScript are essential for web development, enabling both frontend interfaces and Node.js backend services. TypeScript adds static typing for improved maintainability, and both languages are widely used for building AI-powered web applications, APIs, and serverless functions.",Yes,https://www.typescriptlang.org/docs/
Apps & AI,Programming Languages,Programming,Python,General-purpose language for AI/ML and automation,"Python is the dominant language for AI, machine learning, and data science due to its extensive ecosystem of libraries including PyTorch, TensorFlow, pandas, and scikit-learn. Its readable syntax and rapid development capabilities make it ideal for prototyping, scripting, automation, and building AI applications.",Yes,https://www.python.org/doc/
Apps & AI,Programming Languages,Scripting,Bash / Shell,Linux automation and scripting,"Bash is the standard shell for Linux and macOS systems, essential for scripting, automation, and system administration. It's fundamental for CI/CD pipelines, container operations, and managing cloud infrastructure on Linux-based systems.",Yes,https://www.gnu.org/software/bash/manual/
Apps & AI,Programming Languages,Scripting,PowerShell,Windows automation and Azure management,"PowerShell is a task automation framework combining a command-line shell with a scripting language. It's essential for Windows administration, Azure resource management, and DevOps automation, with native cmdlets for managing Azure services and infrastructure.",Yes,https://learn.microsoft.com/en-us/powershell/
Apps & AI,Security & Identity,Governance,Azure Policy,Cloud governance and compliance,"Azure Policy is a governance service for creating, assigning, and managing policies that enforce rules and effects on Azure resources. It ensures compliance with corporate standards and regulatory requirements through built-in policy definitions, custom policies, and initiatives across subscriptions.",Yes,https://learn.microsoft.com/en-us/azure/governance/policy/
Apps & AI,Security & Identity,Identity,Azure Managed Identities,Passwordless Azure authentication,"Managed identities provide Azure services with automatically managed identities in Microsoft Entra ID, eliminating the need for credentials in code. System-assigned and user-assigned identities enable secure access to Azure resources through DefaultAzureCredential without managing secrets.",No,https://learn.microsoft.com/en-us/entra/identity/managed-identities-azure-resources/
Apps & AI,Security & Identity,Identity,Microsoft Entra ID,Identity & access management,"Microsoft Entra ID (formerly Azure Active Directory) is Microsoft's cloud-based identity and access management service. It provides single sign-on, multi-factor authentication, conditional access, and identity governance for securing access to applications, resources, and data across cloud and hybrid environments.",Yes,https://learn.microsoft.com/en-us/entra/identity/
Apps & AI,Security & Identity,Security,Azure Key Vault,"Secrets, keys, certificates","Azure Key Vault safeguards cryptographic keys, secrets, and certificates used by cloud applications and services. It provides hardware security module backing, access policies, auditing, and integration with Azure services for secure secret management without exposing sensitive data in code.",Yes,https://learn.microsoft.com/en-us/azure/key-vault/
Apps & AI,Security & Identity,Security,Microsoft Defender for Cloud,Cloud security posture management,"Microsoft Defender for Cloud is a cloud-native application protection platform (CNAPP) providing cloud security posture management (CSPM) and cloud workload protection (CWPP). It offers security recommendations, secure score, multicloud support, and advanced threat protection across Azure, AWS, and GCP.",No,https://learn.microsoft.com/en-us/azure/defender-for-cloud/
Apps & AI,Security & Identity,Security,Microsoft Sentinel,Cloud-native SIEM and SOAR,"Microsoft Sentinel is a cloud-native security information and event management (SIEM) solution with built-in security orchestration and automated response (SOAR). It provides intelligent security analytics, threat detection, and incident response across enterprise environments with AI-powered insights.",Yes,https://learn.microsoft.com/en-us/azure/sentinel/
